線路名稱,1150422XBTLUP,線路行別,上行,報表名稱,超限報表,測量人員,NoName
開始里程,89.15025329589844,結束里程,97.52848052978516,里程增減,里程增
波長,25米-3米波長,測量日期,2026.04.23,測量時刻,03:07:57

位置(Km),位置(m),超限類型,峰值(mm),長度(m),超限等級,線形(直/緩/曲),速度(km/h),檢測標準(mm),
89.000,220.504,超高,-15.793,3.255,1,直線,15.778,7.9:-7.9
89.000,233.755,左軌向,-15.525,9.263,1,圓曲,15.528,7.9:-7.9
89.000,242.508,右軌向,-15.698,6.746,1,圓曲,15.306,7.9:-7.9
89.000,224.021,超高,-98.699,117.993,2,直線,22.840,15.9:-15.9
89.000,243.251,左軌向,-42.653,100.005,2,圓曲,22.959,15.9:-15.9
89.000,342.269,超高,-15.508,2.235,1,圓曲,23.078,7.9:-7.9
89.000,343.511,左軌向,-15.690,4.514,1,圓曲,23.102,7.9:-7.9
89.000,249.507,右軌向,-42.253,100.996,2,圓曲,23.102,15.9:-15.9
89.000,353.020,超高,15.654,3.481,1,直線,22.554,7.9:-7.9
89.000,350.756,右軌向,-15.512,6.762,1,直線,22.744,7.9:-7.9
89.000,368.264,右軌向,15.661,5.741,1,圓曲,21.242,7.9:-7.9
89.000,372.007,左軌向,15.895,9.003,1,圓曲,21.004,7.9:-7.9
89.000,356.779,超高,93.900,115.992,2,直線,24.577,15.9:-15.9
89.000,374.265,右軌向,42.946,99.495,2,圓曲,24.604,15.9:-15.9
89.000,473.009,超高,15.571,3.001,1,圓曲,24.604,7.9:-7.9
89.000,474.033,右軌向,15.767,7.246,1,圓曲,24.580,7.9:-7.9
89.000,381.273,左軌向,43.449,101.259,2,圓曲,24.604,15.9:-15.9
89.000,482.768,左軌向,15.692,6.235,1,直線,24.359,7.9:-7.9
89.000,536.521,超高,15.619,2.746,1,直線,22.601,7.9:-7.9
89.000,560.767,左軌向,15.619,13.013,1,圓曲,25.776,7.9:-7.9
89.000,556.775,右軌向,15.831,21.728,1,圓曲,25.776,7.9:-7.9
89.000,578.752,右軌向,20.223,25.501,2,圓曲,25.530,15.9:-15.9
89.000,574.030,左軌向,19.024,37.488,2,圓曲,26.511,15.9:-15.9
89.000,539.519,超高,76.471,78.734,2,直線,27.338,15.9:-15.9
89.000,604.501,右軌向,15.799,17.002,1,圓曲,27.687,7.9:-7.9
89.000,618.519,超高,15.666,3.254,1,圓曲,27.765,7.9:-7.9
89.000,611.776,左軌向,15.688,15.009,1,圓曲,28.173,7.9:-7.9
89.000,841.767,超高,-15.165,2.497,1,直線,17.585,7.9:-7.9
89.000,854.507,左軌向,-8.476,1.507,1,圓曲,18.520,7.9:-7.9
89.000,858.015,左軌向,-15.663,7.001,1,圓曲,20.026,7.9:-7.9
89.000,861.260,右軌向,-15.776,9.739,1,圓曲,20.956,7.9:-7.9
89.000,999.253,軌距,20.098,1.999,1,圓曲,20.956,17.9:-6.9
89.000,844.504,超高,-135.384,294.259,2,直線,23.078,15.9:-15.9
89.000,865.267,左軌向,-60.224,274.502,2,圓曲,23.078,15.9:-15.9
90.000,139.015,超高,-15.213,3.251,1,圓曲,18.157,7.9:-7.9
89.000,871.261,右軌向,-58.836,273.497,2,圓曲,23.078,15.9:-15.9
90.000,140.020,左軌向,-15.508,10.481,1,圓曲,18.331,7.9:-7.9
90.000,145.008,右軌向,-15.868,7.999,1,直線,18.482,7.9:-7.9
90.000,149.763,超高,-29.506,4.247,2,直線,18.543,15.9:-15.9
90.000,241.516,超高,-32.553,4.494,2,直線,20.620,15.9:-15.9
90.000,269.768,超高,-31.575,4.250,2,直線,18.272,15.9:-15.9
90.000,324.253,超高,15.788,3.499,1,直線,21.624,7.9:-7.9
90.000,341.751,右軌向,15.599,9.273,1,圓曲,21.981,7.9:-7.9
90.000,344.249,左軌向,15.795,8.504,1,圓曲,21.913,7.9:-7.9
90.000,328.022,超高,58.562,73.981,2,直線,25.775,15.9:-15.9
90.000,353.027,左軌向,23.956,51.745,2,圓曲,25.775,15.9:-15.9
90.000,351.266,右軌向,24.090,54.240,2,圓曲,25.775,15.9:-15.9
90.000,402.276,超高,15.561,3.728,1,圓曲,24.532,7.9:-7.9
90.000,405.006,左軌向,15.741,7.513,1,圓曲,24.059,7.9:-7.9
90.000,405.772,右軌向,15.716,7.477,1,圓曲,23.936,7.9:-7.9
90.000,413.503,超高,-15.388,3.023,1,直線,22.792,7.9:-7.9
90.000,433.763,左軌向,-15.808,6.507,1,圓曲,23.487,7.9:-7.9
90.000,431.514,右軌向,-15.662,8.983,1,圓曲,23.514,7.9:-7.9
90.000,440.757,右軌向,-56.251,286.241,2,圓曲,25.803,15.9:-15.9
90.000,440.497,左軌向,-58.426,287.018,2,圓曲,25.803,15.9:-15.9
90.000,728.508,左軌向,-15.738,23.741,1,圓曲,15.969,7.9:-7.9
90.000,754.001,左軌向,-8.783,3.246,1,圓曲,16.039,7.9:-7.9
90.000,727.256,右軌向,-15.737,54.756,1,圓曲,16.472,7.9:-7.9
90.000,766.012,左軌向,-10.171,26.996,1,圓曲,17.062,7.9:-7.9
90.000,782.998,右軌向,-10.930,30.760,1,圓曲,18.482,7.9:-7.9
90.000,794.270,左軌向,-11.002,29.999,1,圓曲,18.924,7.9:-7.9
90.000,816.519,右軌向,-11.458,26.479,1,圓曲,19.054,7.9:-7.9
90.000,827.248,左軌向,-11.077,24.268,1,圓曲,19.054,7.9:-7.9
90.000,416.776,超高,-131.924,435.481,2,直線,25.803,15.9:-15.9
90.000,847.510,右軌向,-10.019,9.755,1,圓曲,17.318,7.9:-7.9
90.000,852.516,超高,-15.885,6.485,1,圓曲,15.528,7.9:-7.9
90.000,859.001,右軌向,-8.728,2.501,1,圓曲,13.600,7.9:-7.9
90.000,891.007,超高,-29.650,7.756,2,直線,14.261,15.9:-15.9
90.000,909.261,左軌向,15.167,18.750,1,直線,13.982,7.9:-7.9
90.000,910.250,右軌向,15.356,17.760,1,直線,13.938,7.9:-7.9
90.000,925.263,軌距,-29.102,6.745,2,直線,13.337,21.9:-9.9
90.000,928.249,左軌向,28.426,6.757,2,直線,13.228,15.9:-15.9
90.000,935.257,左軌向,15.170,14.739,1,直線,13.269,7.9:-7.9
90.000,935.257,右軌向,15.686,14.998,1,直線,13.324,7.9:-7.9
90.000,950.496,右軌向,24.806,6.508,2,直線,14.231,15.9:-15.9
91.000,199.776,超高,-15.753,3.735,1,直線,25.748,7.9:-7.9
91.000,224.774,左軌向,-15.875,16.000,1,圓曲,25.748,7.9:-7.9
91.000,230.773,右軌向,-15.775,17.992,1,圓曲,26.225,7.9:-7.9
91.000,241.025,左軌向,-30.776,84.223,2,圓曲,26.257,15.9:-15.9
91.000,249.019,右軌向,-28.700,84.231,2,圓曲,26.257,15.9:-15.9
91.000,203.760,超高,-121.488,137.247,2,直線,26.257,15.9:-15.9
91.000,325.496,左軌向,-15.752,17.005,1,圓曲,12.425,7.9:-7.9
91.000,341.257,超高,-15.886,4.242,1,圓曲,13.351,7.9:-7.9
91.000,333.504,右軌向,-15.705,17.009,1,圓曲,14.671,7.9:-7.9
91.000,378.271,超高,-32.260,3.991,2,圓曲,20.111,15.9:-15.9
91.000,501.520,左軌向,-8.677,2.233,1,直線,25.558,7.9:-7.9
91.000,656.747,超高,-28.053,4.248,2,直線,16.559,15.9:-15.9
91.000,657.504,軌距,-22.454,3.744,2,直線,16.559,21.9:-9.9
91.000,660.512,左軌向,12.607,3.750,1,直線,16.593,7.9:-7.9
91.000,660.512,右軌向,-12.345,3.750,1,直線,16.593,7.9:-7.9
91.000,682.499,左軌向,-12.110,3.751,1,直線,16.923,7.9:-7.9
91.000,682.499,右軌向,12.641,3.751,1,直線,16.923,7.9:-7.9
91.000,709.012,超高,15.602,5.002,1,直線,18.062,7.9:-7.9
91.000,733.517,右軌向,15.789,16.234,1,圓曲,20.726,7.9:-7.9
91.000,738.019,左軌向,15.680,17.484,1,圓曲,20.726,7.9:-7.9
91.000,755.762,左軌向,18.451,8.254,2,圓曲,20.789,15.9:-15.9
91.000,764.246,左軌向,15.899,2.502,1,圓曲,20.726,7.9:-7.9
91.000,750.009,右軌向,21.591,40.001,2,圓曲,21.107,15.9:-15.9
91.000,790.244,右軌向,15.850,4.006,1,圓曲,21.319,7.9:-7.9
91.000,767.007,左軌向,20.711,28.758,2,圓曲,21.425,15.9:-15.9
91.000,796.003,左軌向,15.818,3.261,1,圓曲,21.637,7.9:-7.9
91.000,794.517,右軌向,18.371,5.500,2,圓曲,21.701,15.9:-15.9
91.000,799.504,左軌向,16.779,3.751,2,圓曲,21.886,15.9:-15.9
91.000,714.265,超高,66.802,98.496,2,直線,22.387,15.9:-15.9
91.000,800.258,右軌向,15.501,17.008,1,圓曲,22.649,7.9:-7.9
91.000,813.010,超高,15.754,5.011,1,圓曲,22.673,7.9:-7.9
91.000,803.499,左軌向,15.837,19.017,1,圓曲,22.887,7.9:-7.9
91.000,999.509,超高,-15.678,3.761,1,直線,27.497,7.9:-7.9
92.000,25.774,右軌向,-15.826,14.491,1,圓曲,25.857,7.9:-7.9
92.000,27.243,左軌向,-15.685,16.282,1,圓曲,25.775,7.9:-7.9
92.000,40.508,右軌向,-35.711,107.264,2,圓曲,29.658,15.9:-15.9
92.000,43.766,左軌向,-37.406,107.486,2,圓曲,29.976,15.9:-15.9
92.000,3.497,超高,-126.385,159.507,2,直線,31.311,15.9:-15.9
92.000,148.019,右軌向,-15.810,16.511,1,圓曲,31.438,7.9:-7.9
92.000,151.503,左軌向,-15.736,14.033,1,圓曲,31.566,7.9:-7.9
92.000,163.265,超高,-15.418,4.245,1,圓曲,31.629,7.9:-7.9
92.000,333.998,超高,15.372,3.507,1,直線,27.497,7.9:-7.9
92.000,361.998,右軌向,15.888,16.527,1,圓曲,26.484,7.9:-7.9
92.000,361.998,左軌向,15.895,19.779,1,圓曲,26.675,7.9:-7.9
92.000,378.746,右軌向,25.517,401.745,2,圓曲,29.018,15.9:-15.9
92.000,381.999,左軌向,25.900,404.753,2,圓曲,29.018,15.9:-15.9
92.000,780.748,右軌向,15.617,14.762,1,圓曲,15.528,7.9:-7.9
92.000,337.766,超高,118.144,461.735,2,直線,29.018,15.9:-15.9
92.000,799.759,超高,15.806,3.242,1,圓曲,15.576,7.9:-7.9
92.000,787.010,左軌向,15.732,18.243,1,圓曲,15.592,7.9:-7.9
92.000,859.246,超高,-15.846,7.500,1,直線,15.624,7.9:-7.9
92.000,883.245,左軌向,-10.395,9.506,1,直線,15.703,7.9:-7.9
92.000,892.512,右軌向,-8.359,2.986,1,直線,15.719,7.9:-7.9
92.000,895.759,左軌向,-11.982,12.748,1,直線,15.799,7.9:-7.9
92.000,904.761,右軌向,-9.949,10.989,1,直線,15.848,7.9:-7.9
92.000,913.993,左軌向,-10.916,8.016,1,直線,15.917,7.9:-7.9
92.000,919.998,右軌向,-12.709,12.508,1,直線,16.073,7.9:-7.9
92.000,931.503,左軌向,-10.196,4.495,1,直線,16.056,7.9:-7.9
92.000,935.243,右軌向,-12.290,8.253,1,直線,15.986,7.9:-7.9
92.000,949.497,右軌向,-8.261,1.757,1,直線,15.692,7.9:-7.9
92.000,867.006,超高,-27.589,85.753,2,直線,16.073,15.9:-15.9
92.000,943.759,左軌向,-11.365,11.739,1,直線,15.815,7.9:-7.9
92.000,952.995,超高,-15.686,5.754,1,直線,15.414,7.9:-7.9
92.000,956.003,左軌向,-9.601,4.746,1,直線,15.131,7.9:-7.9
92.000,962.748,右軌向,-8.259,3.249,1,直線,13.571,7.9:-7.9
93.000,146.515,超高,-15.436,3.246,1,直線,24.631,7.9:-7.9
93.000,171.746,左軌向,-15.833,13.252,1,圓曲,24.331,7.9:-7.9
93.000,174.008,右軌向,-15.830,19.255,1,圓曲,24.342,7.9:-7.9
93.000,193.499,右軌向,-34.828,98.746,2,圓曲,24.822,15.9:-15.9
93.000,185.268,左軌向,-34.833,114.223,2,圓曲,24.931,15.9:-15.9
93.000,149.999,超高,-121.119,158.748,2,直線,25.152,15.9:-15.9
93.000,299.769,左軌向,-15.659,11.742,1,圓曲,25.203,7.9:-7.9
93.000,308.992,超高,-15.671,4.517,1,圓曲,25.258,7.9:-7.9
93.000,292.520,右軌向,-15.376,25.484,1,圓曲,25.340,7.9:-7.9
93.000,361.270,超高,-15.451,4.228,1,直線,25.152,7.9:-7.9
93.000,388.765,左軌向,-15.569,19.234,1,圓曲,24.386,7.9:-7.9
93.000,399.498,右軌向,-15.798,12.260,1,圓曲,24.413,7.9:-7.9
93.000,408.269,左軌向,-17.125,7.494,2,圓曲,24.485,15.9:-15.9
93.000,416.001,左軌向,-15.849,6.269,1,圓曲,24.580,7.9:-7.9
93.000,411.995,右軌向,-19.283,37.010,2,圓曲,24.985,15.9:-15.9
93.000,449.248,右軌向,-15.812,1.492,1,圓曲,25.013,7.9:-7.9
93.000,422.509,左軌向,-20.909,35.260,2,圓曲,25.122,15.9:-15.9
93.000,458.013,左軌向,-15.728,2.232,1,圓曲,25.122,7.9:-7.9
93.000,460.489,左軌向,-20.272,13.528,2,圓曲,25.340,15.9:-15.9
93.000,452.755,右軌向,-19.922,47.241,2,圓曲,25.721,15.9:-15.9
93.000,500.247,右軌向,-15.760,2.501,1,圓曲,25.748,7.9:-7.9
93.000,502.999,右軌向,-19.328,8.745,2,圓曲,25.907,15.9:-15.9
93.000,511.995,右軌向,-15.858,2.768,1,圓曲,25.939,7.9:-7.9
93.000,515.772,右軌向,-15.811,2.486,1,圓曲,25.971,7.9:-7.9
93.000,518.510,右軌向,-19.025,28.756,2,圓曲,25.994,15.9:-15.9
93.000,547.507,右軌向,-15.867,6.741,1,圓曲,21.695,7.9:-7.9
93.000,474.510,左軌向,-22.345,96.481,2,圓曲,25.994,15.9:-15.9
93.000,571.265,左軌向,-15.710,5.475,1,圓曲,21.958,7.9:-7.9
93.000,554.517,右軌向,-20.927,44.972,2,圓曲,22.482,15.9:-15.9
93.000,577.014,左軌向,-18.559,26.753,2,圓曲,22.533,15.9:-15.9
93.000,604.016,左軌向,-15.874,16.231,1,圓曲,22.434,7.9:-7.9
93.000,365.773,超高,-101.883,256.716,2,直線,25.994,15.9:-15.9
93.000,622.759,超高,-15.394,2.980,1,圓曲,14.921,7.9:-7.9
93.000,599.739,右軌向,-15.809,26.500,1,圓曲,22.533,7.9:-7.9
93.000,632.743,右軌向,-8.151,1.249,1,直線,9.476,7.9:-7.9
93.000,682.992,超高,-29.125,4.000,2,直線,11.940,15.9:-15.9
93.000,748.498,超高,-38.338,4.512,2,直線,15.560,15.9:-15.9
93.000,950.242,超高,15.719,6.509,1,直線,25.694,7.9:-7.9
93.000,980.271,左軌向,15.668,24.471,1,圓曲,24.842,7.9:-7.9
93.000,956.999,超高,41.128,67.515,2,直線,25.530,15.9:-15.9
94.000,24.746,超高,15.636,5.998,1,圓曲,23.895,7.9:-7.9
93.000,973.488,右軌向,14.359,57.257,1,圓曲,25.013,7.9:-7.9
94.000,5.245,左軌向,15.566,27.518,1,圓曲,24.151,7.9:-7.9
94.000,32.995,右軌向,8.475,2.248,1,直線,23.868,7.9:-7.9
94.000,207.259,超高,15.619,3.488,1,直線,22.268,7.9:-7.9
94.000,230.517,右軌向,15.709,12.728,1,圓曲,21.934,7.9:-7.9
94.000,230.760,左軌向,15.769,15.741,1,圓曲,21.934,7.9:-7.9
94.000,243.489,右軌向,44.738,147.516,2,圓曲,23.187,15.9:-15.9
94.000,246.745,左軌向,40.476,156.759,2,圓曲,23.187,15.9:-15.9
94.000,210.994,超高,133.597,195.771,2,直線,23.187,15.9:-15.9
94.000,407.016,超高,15.490,3.232,1,圓曲,23.007,7.9:-7.9
94.000,391.262,右軌向,15.601,21.755,1,圓曲,23.340,7.9:-7.9
94.000,403.750,左軌向,15.648,11.519,1,圓曲,23.603,7.9:-7.9
94.000,494.754,超高,-15.372,3.250,1,直線,23.150,7.9:-7.9
94.000,522.760,左軌向,-15.887,13.482,1,圓曲,18.776,7.9:-7.9
94.000,517.241,右軌向,-15.826,24.248,1,圓曲,18.797,7.9:-7.9
94.000,536.493,左軌向,-36.277,239.020,2,圓曲,22.554,15.9:-15.9
94.000,541.744,右軌向,-35.343,244.256,2,圓曲,23.214,15.9:-15.9
94.000,498.252,超高,-131.172,294.743,2,直線,23.626,15.9:-15.9
94.000,793.258,超高,-15.789,3.997,1,圓曲,23.895,7.9:-7.9
94.000,776.516,左軌向,-15.816,21.237,1,圓曲,23.913,7.9:-7.9
94.000,786.258,右軌向,-15.685,17.489,1,圓曲,24.277,7.9:-7.9
94.000,857.992,超高,15.786,5.762,1,直線,23.678,7.9:-7.9
94.000,887.767,右軌向,15.623,18.470,1,圓曲,24.556,7.9:-7.9
94.000,906.511,右軌向,17.908,5.755,2,圓曲,25.009,15.9:-15.9
94.000,888.248,左軌向,15.745,25.511,1,圓曲,25.033,7.9:-7.9
94.000,914.003,左軌向,16.914,3.504,2,圓曲,25.040,15.9:-15.9
94.000,912.509,右軌向,15.781,6.482,1,圓曲,25.040,7.9:-7.9
94.000,917.749,左軌向,15.821,7.746,1,圓曲,24.931,7.9:-7.9
94.000,919.267,右軌向,17.276,6.495,2,圓曲,24.795,15.9:-15.9
94.000,925.761,左軌向,17.618,6.976,2,圓曲,23.913,15.9:-15.9
94.000,925.993,右軌向,15.734,8.501,1,圓曲,23.841,7.9:-7.9
94.000,932.985,左軌向,15.899,10.771,1,圓曲,22.363,7.9:-7.9
94.000,934.739,右軌向,17.937,9.017,2,圓曲,21.981,15.9:-15.9
94.000,944.008,左軌向,16.521,3.501,2,圓曲,20.175,15.9:-15.9
94.000,944.008,右軌向,15.853,5.487,1,圓曲,20.175,7.9:-7.9
94.000,947.758,左軌向,15.725,9.228,1,圓曲,19.984,7.9:-7.9
94.000,949.743,右軌向,17.015,7.242,2,圓曲,19.984,15.9:-15.9
94.000,957.236,左軌向,16.452,5.008,2,圓曲,20.069,15.9:-15.9
94.000,957.236,右軌向,15.817,6.263,1,圓曲,20.090,7.9:-7.9
94.000,962.494,左軌向,15.886,3.012,1,圓曲,20.111,7.9:-7.9
94.000,965.758,左軌向,16.466,8.739,2,圓曲,20.090,15.9:-15.9
94.000,975.994,左軌向,16.435,2.268,2,圓曲,19.963,15.9:-15.9
94.000,964.001,右軌向,15.778,15.998,1,圓曲,20.111,7.9:-7.9
94.000,980.246,右軌向,16.778,2.498,2,圓曲,19.815,15.9:-15.9
94.000,979.255,左軌向,15.849,3.982,1,圓曲,19.857,7.9:-7.9
94.000,983.510,左軌向,17.042,4.248,2,圓曲,19.709,15.9:-15.9
94.000,982.991,右軌向,15.900,6.257,1,圓曲,19.709,7.9:-7.9
94.000,988.003,左軌向,15.753,7.256,1,圓曲,19.518,7.9:-7.9
94.000,989.491,右軌向,17.335,5.768,2,圓曲,19.454,15.9:-15.9
94.000,995.499,左軌向,16.883,9.001,2,圓曲,19.179,15.9:-15.9
94.000,995.499,右軌向,15.879,17.253,1,圓曲,19.179,7.9:-7.9
95.000,12.993,右軌向,17.174,3.510,2,圓曲,17.375,15.9:-15.9
95.000,4.760,左軌向,15.881,11.995,1,圓曲,18.734,7.9:-7.9
95.000,17.005,左軌向,16.558,2.744,2,圓曲,16.385,15.9:-15.9
95.000,16.755,右軌向,15.881,5.232,1,圓曲,16.472,7.9:-7.9
95.000,22.251,右軌向,17.309,10.489,2,圓曲,15.865,15.9:-15.9
95.000,19.993,左軌向,15.831,13.004,1,圓曲,16.004,7.9:-7.9
95.000,33.254,左軌向,18.453,5.498,2,圓曲,15.397,15.9:-15.9
95.000,32.997,右軌向,15.767,6.744,1,圓曲,15.417,7.9:-7.9
95.000,39.994,右軌向,16.244,2.012,2,圓曲,15.131,15.9:-15.9
95.000,39.004,左軌向,15.837,5.251,1,圓曲,15.189,7.9:-7.9
95.000,44.504,左軌向,16.484,3.241,2,圓曲,14.940,15.9:-15.9
95.000,42.235,右軌向,15.845,7.016,1,圓曲,15.052,7.9:-7.9
95.000,48.001,左軌向,15.840,2.235,1,圓曲,14.143,7.9:-7.9
95.000,50.491,左軌向,16.364,1.995,2,圓曲,13.119,15.9:-15.9
95.000,50.744,右軌向,15.808,2.244,1,圓曲,12.997,7.9:-7.9
95.000,53.495,右軌向,15.858,1.740,1,圓曲,11.723,7.9:-7.9
95.000,52.738,左軌向,15.858,12.005,1,圓曲,18.195,7.9:-7.9
95.000,56.489,右軌向,17.756,14.269,2,圓曲,18.939,15.9:-15.9
95.000,65.249,左軌向,15.897,8.997,1,圓曲,19.348,7.9:-7.9
95.000,70.996,右軌向,15.851,6.507,1,圓曲,19.709,7.9:-7.9
95.000,77.749,右軌向,16.303,2.486,2,圓曲,20.026,15.9:-15.9
95.000,80.486,右軌向,15.736,24.259,1,圓曲,22.339,7.9:-7.9
94.000,864.003,超高,68.146,242.736,2,直線,25.040,15.9:-15.9
95.000,75.243,左軌向,15.897,34.771,1,圓曲,22.816,7.9:-7.9
95.000,106.990,超高,15.872,4.772,1,圓曲,22.983,7.9:-7.9
95.000,122.009,超高,-15.653,4.998,1,直線,23.705,7.9:-7.9
95.000,145.003,左軌向,-9.122,4.233,1,圓曲,23.150,7.9:-7.9
95.000,149.747,左軌向,-15.838,20.238,1,圓曲,23.007,7.9:-7.9
95.000,170.264,左軌向,-17.699,4.477,2,圓曲,22.336,15.9:-15.9
95.000,174.988,左軌向,-15.871,3.773,1,圓曲,22.172,7.9:-7.9
95.000,151.503,右軌向,-15.881,35.009,1,圓曲,22.959,7.9:-7.9
95.000,179.005,左軌向,-18.390,8.502,2,圓曲,22.005,15.9:-15.9
95.000,186.753,右軌向,-18.918,8.487,2,圓曲,21.743,15.9:-15.9
95.000,187.749,左軌向,-15.658,7.998,1,圓曲,21.743,7.9:-7.9
95.000,195.509,右軌向,-15.705,5.749,1,圓曲,21.446,7.9:-7.9
95.000,195.985,左軌向,-18.086,6.510,2,圓曲,21.433,15.9:-15.9
95.000,201.493,右軌向,-17.731,7.994,2,圓曲,21.234,15.9:-15.9
95.000,202.759,左軌向,-15.865,7.251,1,圓曲,21.195,7.9:-7.9
95.000,209.748,右軌向,-15.893,6.247,1,圓曲,20.938,7.9:-7.9
95.000,210.243,左軌向,-18.211,6.500,2,圓曲,20.932,15.9:-15.9
95.000,216.254,右軌向,-19.137,10.004,2,圓曲,20.694,15.9:-15.9
95.000,217.001,左軌向,-15.817,12.747,1,圓曲,20.683,7.9:-7.9
95.000,226.512,右軌向,-15.810,26.976,1,圓曲,20.323,7.9:-7.9
95.000,230.000,左軌向,-19.306,25.007,2,圓曲,20.196,15.9:-15.9
95.000,253.760,右軌向,-18.900,10.228,2,圓曲,19.560,15.9:-15.9
95.000,255.251,左軌向,-15.817,9.007,1,圓曲,19.560,7.9:-7.9
95.000,264.258,右軌向,-15.837,1.734,1,圓曲,19.518,7.9:-7.9
95.000,264.502,左軌向,-16.268,1.734,2,圓曲,19.518,15.9:-15.9
95.000,266.236,右軌向,-18.158,13.519,2,圓曲,19.476,15.9:-15.9
95.000,266.506,左軌向,-15.832,13.990,1,圓曲,19.476,7.9:-7.9
95.000,280.761,左軌向,-17.845,13.493,2,圓曲,19.073,15.9:-15.9
95.000,294.509,左軌向,-15.785,1.738,1,圓曲,18.443,7.9:-7.9
95.000,296.502,左軌向,-17.315,9.006,2,圓曲,18.367,15.9:-15.9
95.000,279.993,右軌向,-15.813,25.765,1,圓曲,19.073,7.9:-7.9
95.000,307.003,左軌向,-16.713,4.232,2,圓曲,17.948,15.9:-15.9
95.000,307.003,右軌向,-15.812,4.994,1,圓曲,17.948,7.9:-7.9
95.000,312.243,右軌向,-16.545,3.744,2,圓曲,17.700,15.9:-15.9
95.000,311.506,左軌向,-15.864,4.749,1,圓曲,17.719,7.9:-7.9
95.000,316.498,左軌向,-16.405,3.006,2,圓曲,17.528,15.9:-15.9
95.000,316.255,右軌向,-15.819,3.732,1,圓曲,17.547,7.9:-7.9
95.000,319.746,左軌向,-15.874,1.495,1,圓曲,17.375,7.9:-7.9
95.000,320.252,右軌向,-16.375,1.493,2,圓曲,17.375,15.9:-15.9
95.000,321.505,左軌向,-16.740,4.236,2,圓曲,17.322,15.9:-15.9
95.000,321.986,右軌向,-15.877,4.018,1,圓曲,17.299,7.9:-7.9
95.000,326.241,右軌向,-17.739,15.997,2,圓曲,17.131,15.9:-15.9
95.000,342.491,右軌向,-15.897,1.010,1,圓曲,16.541,7.9:-7.9
95.000,343.753,右軌向,-16.516,3.746,2,圓曲,16.507,15.9:-15.9
95.000,326.004,左軌向,-15.877,22.997,1,圓曲,17.166,7.9:-7.9
95.000,349.251,左軌向,-16.316,2.499,2,圓曲,16.385,15.9:-15.9
95.000,347.749,右軌向,-15.880,4.499,1,圓曲,16.403,7.9:-7.9
95.000,352.997,右軌向,-16.373,2.490,2,圓曲,16.333,15.9:-15.9
95.000,351.999,左軌向,-15.777,5.249,1,圓曲,16.333,7.9:-7.9
95.000,357.496,左軌向,-19.720,8.752,2,圓曲,16.264,15.9:-15.9
95.000,355.735,右軌向,-15.898,10.514,1,圓曲,16.299,7.9:-7.9
95.000,366.495,右軌向,-16.372,2.757,2,圓曲,16.160,15.9:-15.9
95.000,366.495,左軌向,-15.892,4.010,1,圓曲,16.160,7.9:-7.9
95.000,369.498,右軌向,-15.837,7.755,1,圓曲,16.125,7.9:-7.9
95.000,372.496,左軌向,-17.581,5.248,2,圓曲,16.108,15.9:-15.9
95.000,377.499,右軌向,-16.817,3.745,2,圓曲,16.073,15.9:-15.9
95.000,377.989,左軌向,-15.715,7.262,1,圓曲,16.073,7.9:-7.9
95.000,385.496,左軌向,-17.264,5.501,2,圓曲,16.056,15.9:-15.9
95.000,391.243,左軌向,-15.800,5.505,1,圓曲,16.073,7.9:-7.9
95.000,381.489,右軌向,-15.885,21.749,1,圓曲,16.091,7.9:-7.9
95.000,396.993,左軌向,-22.103,7.004,2,圓曲,16.091,15.9:-15.9
95.000,403.506,右軌向,-19.985,7.239,2,圓曲,16.117,15.9:-15.9
95.000,404.242,左軌向,-15.769,8.000,1,圓曲,16.117,7.9:-7.9
95.000,410.990,右軌向,-15.776,3.244,1,圓曲,16.125,7.9:-7.9
95.000,412.488,左軌向,-17.172,5.016,2,圓曲,16.160,15.9:-15.9
95.000,414.503,右軌向,-18.343,9.736,2,圓曲,16.195,15.9:-15.9
95.000,417.751,左軌向,-15.799,7.746,1,圓曲,16.196,7.9:-7.9
95.000,425.745,左軌向,-18.243,11.003,2,圓曲,16.281,15.9:-15.9
95.000,424.487,右軌向,-15.860,13.008,1,圓曲,16.281,7.9:-7.9
95.000,436.997,左軌向,-15.821,2.238,1,圓曲,16.281,7.9:-7.9
95.000,438.738,右軌向,-15.892,5.751,1,圓曲,16.316,7.9:-7.9
95.000,439.484,左軌向,-17.920,5.504,2,圓曲,16.333,15.9:-15.9
95.000,444.738,右軌向,-17.876,23.250,2,圓曲,16.507,15.9:-15.9
95.000,445.237,左軌向,-15.877,28.254,1,圓曲,16.536,7.9:-7.9
95.000,473.744,左軌向,-17.094,11.757,2,圓曲,16.612,15.9:-15.9
95.000,487.000,左軌向,-18.626,12.741,2,圓曲,16.689,15.9:-15.9
95.000,468.997,右軌向,-15.884,30.744,1,圓曲,16.689,7.9:-7.9
95.000,499.995,右軌向,-17.829,13.998,2,圓曲,16.822,15.9:-15.9
95.000,499.995,左軌向,-15.873,15.259,1,圓曲,16.822,7.9:-7.9
95.000,515.487,左軌向,-16.176,1.262,2,圓曲,16.836,15.9:-15.9
95.000,514.250,右軌向,-15.864,4.486,1,圓曲,16.853,7.9:-7.9
95.000,518.994,右軌向,-16.782,5.511,2,圓曲,16.940,15.9:-15.9
95.000,524.740,右軌向,-15.761,10.004,1,圓曲,17.166,7.9:-7.9
95.000,517.006,左軌向,-15.823,20.246,1,圓曲,17.235,7.9:-7.9
95.000,534.983,右軌向,-16.486,3.013,2,圓曲,17.270,15.9:-15.9
95.000,127.237,超高,-67.493,417.266,2,直線,23.674,15.9:-15.9
95.000,539.991,左軌向,-10.725,7.747,1,圓曲,17.700,7.9:-7.9
95.000,544.747,超高,-15.603,5.506,1,圓曲,17.795,7.9:-7.9
95.000,538.236,右軌向,-15.809,14.998,1,圓曲,17.986,7.9:-7.9
96.000,73.735,超高,-36.894,4.003,2,直線,15.163,15.9:-15.9
96.000,379.498,超高,-28.773,4.250,2,直線,13.864,15.9:-15.9
96.000,729.735,超高,-9.204,4.269,1,直線,24.876,7.9:-7.9
96.000,749.499,右軌向,-8.155,1.235,1,直線,24.079,7.9:-7.9
96.000,888.500,超高,15.761,6.490,1,直線,22.411,7.9:-7.9
96.000,999.762,右軌向,8.240,1.243,1,直線,24.222,7.9:-7.9
97.000,25.232,左軌向,8.125,2.277,1,直線,23.460,7.9:-7.9
97.000,288.239,右軌向,8.473,1.245,1,直線,15.466,7.9:-7.9
96.000,895.239,超高,29.794,400.498,2,直線,24.270,15.9:-15.9
97.000,295.997,超高,15.852,3.732,1,直線,15.657,7.9:-7.9
97.000,299.730,右軌向,8.499,2.257,1,直線,15.657,7.9:-7.9
97.000,310.979,軌距,-23.398,2.269,2,直線,15.588,21.9:-9.9
97.000,310.979,超高,20.309,2.506,2,直線,15.588,15.9:-15.9
97.000,313.982,左軌向,13.685,2.265,1,直線,15.553,7.9:-7.9
97.000,313.982,右軌向,-9.412,2.265,1,直線,15.553,7.9:-7.9
97.000,335.994,左軌向,-11.447,2.235,1,直線,15.362,7.9:-7.9
97.000,335.994,右軌向,12.483,2.235,1,直線,15.362,7.9:-7.9
97.000,358.238,超高,8.350,1.261,1,直線,15.147,7.9:-7.9
97.000,359.981,超高,8.790,2.999,1,直線,15.131,7.9:-7.9
